Heading,URL
Putins kryptiska hot mot Natos fartyg,/tv/nyheter/varlden/putins-hotord-mot-natos-fartyg/
Trumps nya sågning: ”Gjorde det med flit”,/tv/nyheter/varlden/trumps-nya-sagning-av-fn-gjort-med-flit/
Försöker kyssa presidenten – grips,/tv/nyheter/varlden/forsoker-kyssa-presidenten-grips/
Putins huvudbry – efter bilderna i natt,/tv/nyheter/varlden/robotattack-i-ryssland/
Partiledarens udda fråga – om sig själv,/tv/nyheter/sverige/partiledarens-udda-fraga-om-sig-sjalv/
Vagnen exploderar – mitt under paraden,/tv/nyheter/varlden/vagnen-exploderar-mitt-under-paraden/
Putins svar – när flickan ger sanningen om kriget,/tv/nyheter/putins-svar-nar-flickan-ger-sanningen-om-kriget/
JUST NU: Meghan gör comeback,/nyheter/kungligt/meghan-gor-filmcomeback/
JUST NU: Slagen på p-plats,https://www.expressen.se/nyheter/expressen-direkt/?post=12e300d6-308b-49a9-88e9-c4fc1b90e5ed
Putins jakt på krigsänkorna,/nyheter/varlden/putins-jakt--pa-krigsankor/
Putins hot mot Natos fartyg,/tv/nyheter/varlden/putins-hotord-mot-natos-fartyg/
Vd blev serietorsk – slipper fängelse,/nyheter/krim/vd-blev-serietorsk-slipper-fangelse/
"Oliver, 12, dog efter farliga Tiktok-trenden",/nyheter/varlden/oliver-12-dog-av-tiktok-utmaning-mammas-varning/
"”Human Barbie”, 31, död – sålde sex till advokat",/nyheter/varlden/human-barbie-31-dod-salde-sex-till-advokat/
Daniel och unge sonen dog i ”unik händelse”,/nyheter/varlden/daniel-och-unge-sonen--dog-i-unik-handelse/
Obama: Så förbereder jag barnen på min död,/nyheter/varlden/obama-sa-forbereder--jag-barnen-pa-min-dod/
Vilt toalettbråk – mitt i jaktbutiken,/tv/nyheter/varlden/vilt-toalettbrak-mitt-i-jaktbutiken/
Ska gripa kvinnan – det otänkbara sker,/tv/nyheter/varlden/ska-gripa-kvinnan-det-otankbara-sker/
Svaret till Putin,/tv/nyheter/varlden/svaret-till-putin/
Putins kryptiska hot mot Natos fartyg,/tv/nyheter/varlden/putins-hotord-mot-natos-fartyg/
Vilt toalettbråk – mitt i jaktbutiken,/tv/nyheter/varlden/vilt-toalettbrak-mitt-i-jaktbutiken/
Trumps nya sågning: ”Gjorde det med flit”,/tv/nyheter/varlden/trumps-nya-sagning-av-fn-gjort-med-flit/
Försöker kyssa presidenten – grips,/tv/nyheter/varlden/forsoker-kyssa-presidenten-grips/
Ska gripa kvinnan – det otänkbara sker,/tv/nyheter/varlden/ska-gripa-kvinnan-det-otankbara-sker/
Vagnen exploderar – mitt under paraden,/tv/nyheter/varlden/vagnen-exploderar-mitt-under-paraden/
Putins huvudbry – efter bilderna i natt,/tv/nyheter/varlden/robotattack-i-ryssland/
Varnar om triumf: ”Allt blinkar rött”,/nyheter/varlden/varnar-om-trumps--modell-triumfen--blinkar-rott-overallt/
Trumps nya sågning: ”Gjorde det med flit”,/tv/nyheter/varlden/trumps-nya-sagning-av-fn-gjort-med-flit/
Man död – jakt på gärningsman,/nyheter/sverige/man-skjuten-i-bromma/
Prinsparets vän föll 30 meter mot sin död,/nyheter/kungligt/prinsparets-van-foll--30-meter-mot-sin-dod/
111 000 spindlar – i världens största nät,/nyheter/varlden/forskare-har-hittat-varldens-storsta-spindelnat/
Putins knep avslöjat – av lilla detaljen,/nyheter/varlden/putins-knep-avslojat-av-lilla-detaljen/
Ryska draget: Ändrar gamla Sovjetbomber,/nyheter/varlden/ryska-draget-andrar-gamla-glidbomberna/
Putins huvudbry – efter bilderna i natt,/tv/nyheter/varlden/robotattack-i-ryssland/
Kallar till krismöte efter valförlusterna,/nyheter/varlden/trump-kallar-till-krismote-efter-valforlusterna/
Carl Bildts skarpa kritik mot Trump: ”Korruption”,/nyheter/sverige/carl-bildts-skarpa-kritik-mot-trump-korruption/
Löwengrip öppnar för att bli minister,/nyheter/politik/isabella-lowengrip-oppnar-for-att-bli-m-minister/
Mammans ord: Han slutar när jag är död,/nyheter/krim/mammans-ord-innan-mordet-i-vasteras/
SD-toppens ord om vaccinet: ”Folkmord”,/nyheter/politik/unni-bjornerfors-sd-om-covidvaccin-folkmord/
Se upp! I kväll syns supermåne,/nyheter/sverige/titta-upp-supermanen-ar-har/
Kritiken mot regeringen – för svenska vapnen,/nyheter/politik/kritiken-mot-sveriges-vapenexport-efter-massakern-i-sudan/
Fler döda på en vecka – än hela Gazakriget,/nyheter/varlden/fler-kan-ha-dodats-i-sudan-under-senaste-veckan-an-under-hela-gaza-kriget/
Nyttan med screening ska överväga riskerna,/nyheter/kronikorer/amina-manzoor/darfor-ar-screening-av-friska-en-svar-fraga/
Grannarnas skräck – larmet om villan,https://www.expressen.se/tv/nyheter/varlden/grannarnas-skrack-larmet-om-villan
Vagnen exploderar mitt i glada firandet,https://www.expressen.se/tv/nyheter/varlden/vagnen-exploderar-mitt-under-paraden
Misstänkt förgiftning på sjukhus: ”I närtid”,/nyheter/krim/misstankt-mordforsok-pa-akademiska-sjukhuset-i-uppsala/
Pinsamt misstag när kvinnan grips,https://www.expressen.se/tv/nyheter/varlden/ska-gripa-kvinnan-det-otankbara-sker
Partiledarens udda fråga – om sig själv,https://www.expressen.se/tv/nyheter/sverige/partiledarens-udda-fraga-om-sig-sjalv
Krislarmet efter mardrömstyfonen,https://www.expressen.se/tv/nyheter/varlden/krislarmet-efter-mardromstyfonen
Robotattack mot Ryssland,https://www.expressen.se/tv/nyheter/varlden/robotattack-i-ryssland
28-åriga fruns nya maktroll i New York,/nyheter/varlden/rama-duwaji-blir-new-yorks-forsta-dam/
"Läraren Hannu, 73, nekades intervju",/nyheter/sverige/hannu-73-nekades-intervju-lararfacket-stammer-umea-kommun/
Tesla rasar i Europa – allra mest i Sverige,https://teknikensvarld.expressen.se/nyheter/bilbranschen/tesla-rasar-i-europa/
EU-länderna överens om klimatmål till 2040,/nyheter/varlden/eu-landerna-overens-om-utkast-till-klimatmal-2040/
Marathon slutsålt – 206 dagar kvar,https://www.expressen.se/nyheter/expressen-direkt/?post=baf18193-e980-47bf-a61c-93b59feb7da1
Kontakta redaktionen direkt,/nyheter/har-du-ett-nyhetstips-eller-bilder/
Svårt att hänga med?,/nyheter/fraga-getingen-/
Så får du de nya fetmasprutorna,/nyheter/sverige/hur-far-man-de-nya-fetmalakemedlen-utskrivna/
Spa-snusket: Musbajs och mögel,/nyheter/sverige/snusket-pa-svenska-spa-anlaggningar/
"Stjäl lyx för 4,5 milj – på 100 sekunder",/tv/nyheter/sverige/har-stjal-tjuvarna-vaskor-for-45-miljoner-kronor/
